email,discipline_id,street_address,city,state,zip_code,password,provider,sign_in_count,uid
theodora.schulist@example.com,1,100 Center Ave,Rockville,MD,21840,turboinvoice$$$,email,0,
dudley.wolff@example.com,2,101 Center Ave,Rockville,MD,21840,turboinvoice$$$,email,0,
kali.carter@example.com,3,102 Center Ave,Rockville,MD,21840,turboinvoice$$$,email,0,
luciano.gerhold@example.com,4,103 Center Ave,Rockville,MD,21840,turboinvoice$$$,email,0,
alene.boehm@example.com,5,104 Center Ave,Rockville,MD,21840,turboinvoice$$$,email,0,
rhett.aufderhar@example.com,3,105 Center Ave,Rockville,MD,21840,turboinvoice$$$,email,0,
antonietta.kessler@example.com,2,106 Center Ave,Rockville,MD,21840,turboinvoice$$$,email,0,
angelica.harris@example.com,1,107 Center Ave,Rockville,MD,21840,turboinvoice$$$,email,0,
mike.nienow@example.com,2,108 Center Ave,Rockville,MD,21840,turboinvoice$$$,email,0,
lue.crona@example.com,3,109 Center Ave,Rockville,MD,21840,turboinvoice$$$,email,0,
lance.kub@example.com,2,110 Center Ave,Rockville,MD,21840,turboinvoice$$$,email,0,
kamille.lueilwitz@example.com,4,111 Center Ave,Rockville,MD,21840,turboinvoice$$$,email,0,
akeem.rowe@example.com,3,112 Center Ave,Rockville,MD,21840,turboinvoice$$$,email,0,
leonard.bartell@example.com,3,113 Center Ave,Rockville,MD,21840,turboinvoice$$$,email,0,
jerald.rolfson@example.com,2,114 Center Ave,Rockville,MD,21840,turboinvoice$$$,email,0,
maia.raynor@example.com,1,115 Center Ave,Rockville,MD,21840,turboinvoice$$$,email,0,
rosella.kassulke@example.com,2,116 Center Ave,Rockville,MD,21840,turboinvoice$$$,email,0,
carmelo.schoen@example.com,3,117 Center Ave,Rockville,MD,21840,turboinvoice$$$,email,0,
hilton.sipes@example.com,4,118 Center Ave,Rockville,MD,21840,turboinvoice$$$,email,0,
kade.franecki@example.com,3,119 Center Ave,Rockville,MD,21840,turboinvoice$$$,email,0,
dudley.homenick@example.com,4,120 Center Ave,Rockville,MD,21840,turboinvoice$$$,email,0,
odell.brakus@example.com,5,121 Center Ave,Rockville,MD,21840,turboinvoice$$$,email,0,
aniyah.dooley@example.com,3,122 Center Ave,Rockville,MD,21840,turboinvoice$$$,email,0,
ken.schneider@example.com,4,123 Center Ave,Rockville,MD,21840,turboinvoice$$$,email,0,
dejuan.watsica@example.com,3,124 Center Ave,Rockville,MD,21840,turboinvoice$$$,email,0,
guillermo.feeney@example.com,2,125 Center Ave,Rockville,MD,21840,turboinvoice$$$,email,0,
ayla.casper@example.com,1,126 Center Ave,Rockville,MD,21840,turboinvoice$$$,email,0,
camille.cartwright@example.com,2,127 Center Ave,Rockville,MD,21840,turboinvoice$$$,email,0,
ida.anderson@example.com,1,128 Center Ave,Rockville,MD,21840,turboinvoice$$$,email,0,
pansy.schinner@example.com,5,129 Center Ave,Rockville,MD,21840,turboinvoice$$$,email,0,
ambrose.swaniawski@example.com,4,130 Center Ave,Rockville,MD,21840,turboinvoice$$$,email,0,
jarrell.white@example.com,6,131 Center Ave,Rockville,MD,21840,turboinvoice$$$,email,0,
veronica.gutkowski@example.com,6,132 Center Ave,Rockville,MD,21840,turboinvoice$$$,email,0,
connie.batz@example.com,6,133 Center Ave,Rockville,MD,21840,turboinvoice$$$,email,0,
maynard.lueilwitz@example.com,4,134 Center Ave,Rockville,MD,21840,turboinvoice$$$,email,0,
anabelle.bosco@example.com,3,135 Center Ave,Rockville,MD,21840,turboinvoice$$$,email,0,
werner.ankunding@example.com,2,136 Center Ave,Rockville,MD,21840,turboinvoice$$$,email,0,
mason.gaylord@example.com,3,137 Center Ave,Rockville,MD,21840,turboinvoice$$$,email,0,
nicolas.fahey@example.com,3,138 Center Ave,Rockville,MD,21840,turboinvoice$$$,email,0,
lois.kertzmann@example.com,4,139 Center Ave,Rockville,MD,21840,turboinvoice$$$,email,0,
nikko.deckow@example.com,3,140 Center Ave,Rockville,MD,21840,turboinvoice$$$,email,0,
dennis.kovacek@example.com,3,141 Center Ave,Rockville,MD,21840,turboinvoice$$$,email,0,
brianne.wunsch@example.com,2,142 Center Ave,Rockville,MD,21840,turboinvoice$$$,email,0,
carlee.larkin@example.com,1,143 Center Ave,Rockville,MD,21840,turboinvoice$$$,email,0,
camille.stiedemann@example.com,1,144 Center Ave,Rockville,MD,21840,turboinvoice$$$,email,0,
sage.kunde@example.com,1,145 Center Ave,Rockville,MD,21840,turboinvoice$$$,email,0,
malcolm.jacobs@example.com,1,146 Center Ave,Rockville,MD,21840,turboinvoice$$$,email,0,
thea.littel@example.com,2,147 Center Ave,Rockville,MD,21840,turboinvoice$$$,email,0,
ruben.hoeger@example.com,3,148 Center Ave,Rockville,MD,21840,turboinvoice$$$,email,0,
minerva.klocko@example.com,4,149 Center Ave,Rockville,MD,21840,turboinvoice$$$,email,0,